Section_ID,Course_Mnemonic,Course_Title,Instructor,Room,Days,Start_Time,End_Time
15256,DS 1001,Foundation of Data Science,Brian Wright,Nau Hall 101,"Mo,We",1900-01-01 14:00:00,1900-01-01 15:15:00
15257,DS 1001,Foundation of Data Science,Ali Rivera,SDS 206,Fr,1900-01-01 14:00:00,1900-01-01 14:50:00
15296,DS 1001,Foundation of Data Science,TBD,SDS 206,Fr,1900-01-01 12:00:00,1900-01-01 12:50:00
15258,DS 1001,Foundation of Data Science,Ali Rivera,SDS 206,Fr,1900-01-01 13:00:00,1900-01-01 13:50:00
15259,DS 1001,Foundation of Data Science,TBD,SDS 306,Fr,1900-01-01 12:00:00,1900-01-01 12:50:00
15260,DS 1001,Foundation of Data Science,TBD,SDS 306,Fr,1900-01-01 13:00:00,1900-01-01 13:50:00
15248,DS 1002,Programming for Data Science,Mai Dahshan,SDS 305,"Mo,We",1900-01-01 15:30:00,1900-01-01 16:45:00
15295,DS 1002,Programming for Data Science,Mai Dahshan,SDS 305,"Tu,Th",1900-01-01 14:00:00,1900-01-01 15:15:00
15246,DS 2002,Data Science Systems,Jon Tupitza,SDS 305,"Mo,We,Fr",1900-01-01 09:00:00,1900-01-01 09:50:00
15251,DS 2002,Data Science Systems,Jason Williamson,SDS 305,"Mo,We,Fr",1900-01-01 10:00:00,1900-01-01 10:50:00
15309,DS 2002,Data Science Systems,Karsten Siller,SDS 205,"Mo,We,Fr",1900-01-01 09:00:00,1900-01-01 09:50:00
15247,DS 2003,Communicating with Data,Nur Yildirim,SDS 205,"Tu,Th",1900-01-01 09:30:00,1900-01-01 10:45:00
15261,DS 2003,Communicating with Data,Hannah Bako,SDS 305,"Mo,We,Fr",1900-01-01 11:00:00,1900-01-01 11:50:00
15264,DS 2004,Data Ethics,Emanuel Moss,SDS 305,"Tu,Th",1900-01-01 11:00:00,1900-01-01 12:15:00
19621,DS 2004,Data Ethics,David Danks,SDS 206,"Tu,Th",1900-01-01 12:30:00,1900-01-01 13:45:00
18926,DS 2024,Value I: Ethics & Policy in Data Science,Aaron Martin,SDS 205,"Mo,We",1900-01-01 14:00:00,1900-01-01 15:15:00
18945,DS 2024,Value I: Ethics & Policy in Data Science,Aaron Martin,SDS 205,"Mo,We",1900-01-01 15:30:00,1900-01-01 16:45:00
15250,DS 3001,Foundations of Machine Learning,Terence Johnson,SDS 305,"Tu,Th",1900-01-01 12:30:00,1900-01-01 13:45:00
15322,DS 3001,Foundations of Machine Learning,Cheng Peng,SDS 305,"Tu,Th",1900-01-01 09:30:00,1900-01-01 10:45:00
15323,DS 3001,Foundations of Machine Learning,Michael Freenor,SDS 305,"Tu,Th",1900-01-01 15:30:00,1900-01-01 16:45:00
21143,DS 3001,Foundations of Machine Learning,Ethan Nelson,SDS 305,"Mo,We",1900-01-01 17:00:00,1900-01-01 18:15:00
15310,DS 3021,Analytics I: Foundations of Machine Learning,Brian Wright,SDS 205,"Tu,Th",1900-01-01 14:00:00,1900-01-01 15:15:00
15311,DS 3021,Analytics I: Foundations of Machine Learning,Terence Johnson,SDS 205,"Tu,Th",1900-01-01 15:30:00,1900-01-01 16:45:00
15294,DS 3025,Mathematics for Data Science,Gianluca Guadagni,SDS 205,"Tu,Th",1900-01-01 11:00:00,1900-01-01 12:15:00
15314,DS 3025,Mathematics for Data Science,Gianluca Guadagni,SDS 205,We,1900-01-01 13:00:00,1900-01-01 13:50:00
15312,DS 3025,Mathematics for Data Science,Gianluca Guadagni,SDS 205,"Tu,Th",1900-01-01 12:30:00,1900-01-01 13:45:00
15315,DS 3025,Mathematics for Data Science,Gianluca Guadagni,SDS 205,Mo,1900-01-01 13:00:00,1900-01-01 13:50:00
18923,DS 3026,Principles of Inference and Prediction,Prince Afriyie,SDS 306,"Mo,We",1900-01-01 14:00:00,1900-01-01 15:15:00
18942,DS 3026,Principles of Inference and Prediction,Prince Afriyie,SDS 306,"Mo,We",1900-01-01 15:30:00,1900-01-01 16:45:00
15249,DS 4002,Data Science Project,Javier Rasero,SDS 205,"Mo,We,Fr",1900-01-01 10:00:00,1900-01-01 10:50:00
15306,DS 4002,Data Science Project,Karsten Siller,SDS 206,"Mo,We,Fr",1900-01-01 11:00:00,1900-01-01 11:50:00
19619,DS 4023,Data Design II: Interactive Applications,Mai Dahshan,SDS 306,"Tu,Th",1900-01-01 12:30:00,1900-01-01 13:45:00
18924,DS 4024,Value II: Explainable AI,Farhana Faruqe,SDS 306,"Tu,Th",1900-01-01 14:00:00,1900-01-01 15:15:00
18943,DS 4024,Value II: Explainable AI,Chirag Agarwal,SDS 306,"Tu,Th",1900-01-01 15:30:00,1900-01-01 16:45:00
19620,DS 4125,Introduction to Deep Learning,Jianxin Xie,SDS 206,"Mo,We,Fr",1900-01-01 10:00:00,1900-01-01 10:50:00
18925,DS 4320,Data by Design,Loreto Alonzi,SDS 206,"Mo,We",1900-01-01 14:00:00,1900-01-01 15:15:00
18944,DS 4320,Data by Design,Loreto Alonzi,SDS 206,"Mo,We",1900-01-01 15:30:00,1900-01-01 16:45:00
15272,DS 5001,Text as Data,Rafael Alvarado,SDS 205,"Mo,We,Fr",1900-01-01 11:00:00,1900-01-01 11:50:00
19615,DS 5001,Text as Data,Sree Mallikarjun,VIRTUAL,Tu,1900-01-01 18:00:00,1900-01-01 19:00:00
19616,DS 5003,Healthcare Data Science,Christian Wernz,VIRTUAL,Tu,1900-01-01 19:15:00,1900-01-01 20:15:00
20859,DS 5007,Don't Invent The Torment Nexus,Mar Hicks,VIRTUAL,Tu,1900-01-01 20:30:00,1900-01-01 21:30:00
18927,DS 5012,Computation for Data Science,Yuri Malitsky,VIRTUAL,We,1900-01-01 20:30:00,1900-01-01 21:30:00
21576,DS 5023,Interactive Applications,Mai Dahshan,SDS 306,"Tu,Th",1900-01-01 12:30:00,1900-01-01 13:45:00
18928,DS 5030,Understanding Uncertainty,Jeffrey Woo,VIRTUAL,Tu,1900-01-01 19:15:00,1900-01-01 20:15:00
21266,DS 5070,Deep Learning in Environmental Science,Antonios Mamalakis,New Cabell Hall 395,"Tu,Th",1900-01-01 09:30:00,1900-01-01 10:45:00
19618,DS 5220,Advanced Cloud Computing,Neal Magee,SDS 205,"Mo,We,Fr",1900-01-01 12:00:00,1900-01-01 12:50:00
18929,DS 6001,Data Engineering I: Data Pipeline Architecture,Jonathan Kropko,VIRTUAL,Tu,1900-01-01 20:30:00,1900-01-01 21:30:00
18930,DS 6002,Ethics of Big Data I,Farhana Faruqe,SDS 306,"Tu,Th",1900-01-01 09:30:00,1900-01-01 10:45:00
18934,DS 6002,Ethics of Big Data I,Farhana Faruqe,SDS 306,"Tu,Th",1900-01-01 11:00:00,1900-01-01 12:15:00
18935,DS 6002,Ethics of Big Data I,Renee Cummings,VIRTUAL,Th,1900-01-01 18:00:00,1900-01-01 19:00:00
18936,DS 6002,Ethics of Big Data I,Renee Cummings,VIRTUAL,Th,1900-01-01 18:00:00,1900-01-01 19:00:00
18932,DS 6015,Data Science Capstone,Philip Waggoner,VIRTUAL,Th,1900-01-01 19:15:00,1900-01-01 21:15:00
18939,DS 6015,Data Science Capstone,Rafael Alvarado,VIRTUAL,Th,1900-01-01 19:15:00,1900-01-01 21:15:00
18940,DS 6015,Data Science Capstone,Adam Tashman,VIRTUAL,Th,1900-01-01 19:15:00,1900-01-01 21:15:00
18931,DS 6021,Machine Learning I: Intro to Predictive Modeling,Jeffrey Woo,VIRTUAL,We,1900-01-01 19:15:00,1900-01-01 20:15:00
18933,DS 6030,Machine Learning II: Data Mining & Statistical Learning,Michael Porter,SDS 206,"Tu,Th",1900-01-01 09:30:00,1900-01-01 10:45:00
18941,DS 6030,Machine Learning II: Data Mining & Statistical Learning,Michael Porter,SDS 206,"Tu,Th",1900-01-01 11:00:00,1900-01-01 12:15:00
15307,DS 6050,Machine Learning III: Deep Learning,Tom Hartvigsen,SDS 306,"Mo,We,Fr",1900-01-01 10:00:00,1900-01-01 10:50:00
18937,DS 6050,Machine Learning III: Deep Learning,Tom Hartvigsen,SDS 306,"Mo,We,Fr",1900-01-01 11:00:00,1900-01-01 11:50:00
18938,DS 6050,Machine Learning III: Deep Learning,Heman Shakeri,VIRTUAL,We,1900-01-01 19:15:00,1900-01-01 20:15:00
15266,DS 6210,Computation II: Numerical Analysis & Optimization,Heman Shakeri,SDS 246,"Mo,We",1900-01-01 12:30:00,1900-01-01 13:45:00
15267,DS 6310,Theory II: Inference & Prediction,Jordan Bryan; Thomas Stewart,SDS 246,"Tu,Th",1900-01-01 09:30:00,1900-01-01 10:45:00
20445,DS 6404,Physics-Aware Deep Learning,Stephen Baek,SDS 246,"Tu,Th",1900-01-01 11:00:00,1900-01-01 12:15:00
15268,DS 6410,Advanced Machine Learning II: Methods & Application,Aiying Zhang,SDS 246,"Mo,We",1900-01-01 09:30:00,1900-01-01 10:45:00
20793,DS 6425,Time Series Modeling,Don Brown,SDS 246,"Mo,We",1900-01-01 14:00:00,1900-01-01 15:15:00
15265,DS 6700,"Value I: Data Ethics, Policy and Governance",Jess Reia,SDS 246,"Mo,We",1900-01-01 15:30:00,1900-01-01 16:45:00
20099,DS 7600,Design I: Human-Centered Design,Nur Yildirim,SDS 206,"Tu,Th",1900-01-01 14:00:00,1900-01-01 15:15:00
19622,DS 8104,Network Science,Alex Gates,SDS 246,"Tu,Th",1900-01-01 15:30:00,1900-01-01 16:45:00
